latent,ood_auc,val_auc,coef
all,0.44795555555555555,0.8023209283713485,None
19554,0.49666666666666665,0.6736778846153846,-0.02377405757775904
113633,0.5,0.6322115384615384,-0.025872451248503087
104506,0.5,0.796073717948718,0.09680886969571698
116246,0.5261777777777779,0.6157852564102564,-0.0029285756932433313
20736,0.5266666666666666,0.7506009615384616,0.06172638481265679
81156,0.46555555555555556,0.6442307692307693,0.05621009249523432
42050,0.5,0.6326121794871795,-0.15034217473509578
40737,0.51,0.6512419871794871,-0.02269759075658729
