dataset,method,test_f1,test_acc,test_auc,val_auc
5_hist_fig_ismale,logreg,0.9675470547927152,0.9675471698113208,0.991848170046955,0.997999199679872
5_hist_fig_ismale,pca,0.951949649042088,0.9519496855345913,0.9866896395990437,0.995998399359744
5_hist_fig_ismale,knn,0.7960881744084841,0.7962264150943397,0.8700256394937315,0.8567426970788315
5_hist_fig_ismale,xgboost,0.9091820680633352,0.9091823899371068,0.9664309460183343,0.9627851140456182
5_hist_fig_ismale,mlp,0.9572326881624036,0.9572327044025156,0.9884639999027888,0.9935974389755904
6_hist_fig_isamerican,logreg,0.959239215558732,0.959245283018868,0.99088137278629,0.9983993597438976
6_hist_fig_isamerican,pca,0.9378614149907032,0.9378616352201258,0.9837381105961386,0.9991996798719488
6_hist_fig_isamerican,knn,0.8446535524495383,0.8475471698113207,0.9644605175086756,0.9807923169267708
6_hist_fig_isamerican,xgboost,0.9446465140086108,0.9446540880503144,0.9869189976294606,0.994797919167667
6_hist_fig_isamerican,mlp,0.9554681469712332,0.9554716981132076,0.9868354566250044,0.9987995198079233
7_hist_fig_ispolitician,logreg,0.6969826470463603,0.6971069182389937,0.7596617703199571,0.7647058823529411
7_hist_fig_ispolitician,pca,0.6903027052351021,0.690314465408805,0.7469934098805212,0.7867146858743498
7_hist_fig_ispolitician,knn,0.6307771990315644,0.6342138364779875,0.6997069229670929,0.771108443377351
7_hist_fig_ispolitician,xgboost,0.6848607984254453,0.6850314465408806,0.7430879944994577,0.7458983593437376
7_hist_fig_ispolitician,mlp,0.6630866171571315,0.6633962264150943,0.7281632674760187,0.7210884353741496
21_headline_istrump,logreg,0.9667890057404744,0.9667924528301888,0.9949566548764148,0.9903961584633854
21_headline_istrump,pca,0.9466659578238524,0.9466666666666668,0.9843153029905656,0.9843937575030012
21_headline_istrump,knn,0.6856352215147676,0.7116981132075472,0.9559438918361706,0.984593837535014
21_headline_istrump,xgboost,0.9249834945422554,0.9250314465408804,0.9752316111059915,0.9867947178871548
21_headline_istrump,mlp,0.9544604457531988,0.9544654088050316,0.9890523310978098,0.981592637054822
22_headline_isobama,logreg,0.9762228344849356,0.9762282091917592,0.9980610809724734,0.9983993597438976
22_headline_isobama,pca,0.9619611221064852,0.9619651347068146,0.9902551737994776,0.9867947178871548
22_headline_isobama,knn,0.7254978895063866,0.7432646592709984,0.9433946152300584,0.929171668667467
22_headline_isobama,xgboost,0.9207567167915324,0.9207606973058636,0.9757183041993168,0.9863945578231292
22_headline_isobama,mlp,0.9556025733036032,0.9556259904912836,0.9930580671087,0.995998399359744
23_headline_ischina,logreg,0.9831932773109244,0.9831932773109244,0.9987317838037262,0.9971819645732688
23_headline_ischina,pca,0.9447755235745848,0.9447779111644656,0.9847756410256412,0.9863123993558776
23_headline_ischina,knn,0.5794671602522566,0.6338535414165666,0.9104610542335364,0.9265297906602254
23_headline_ischina,xgboost,0.942375954244037,0.942376950780312,0.9821008577753182,0.9814814814814816
23_headline_ischina,mlp,0.9687875150060024,0.9687875150060024,0.9947196089282422,0.9851046698872786
24_headline_isiran,logreg,0.955922865013774,0.955922865013774,0.9931091008439076,0.9991996798719488
24_headline_isiran,pca,0.9283637822346504,0.928374655647383,0.9814218930241028,0.9799919967987196
24_headline_isiran,knn,0.6382594074204326,0.6694214876033058,0.8508135510897942,0.8575430172068828
24_headline_isiran,xgboost,0.9035007162860824,0.9035812672176308,0.9692186266771904,0.9675870348139256
24_headline_isiran,mlp,0.9531659115553308,0.953168044077135,0.9879181591888774,0.994797919167667
26_headline_isfrontpage,logreg,0.709668446097868,0.709685534591195,0.7839186604275882,0.8295318127250901
26_headline_isfrontpage,pca,0.697592263613204,0.6976100628930818,0.7705698205336701,0.7935174069627852
26_headline_isfrontpage,knn,0.6571855801110755,0.6649056603773585,0.7373784731539715,0.7681072428971588
26_headline_isfrontpage,xgboost,0.6994227832871053,0.699622641509434,0.7770624755072965,0.8423369347739096
26_headline_isfrontpage,mlp,0.6917501171231176,0.6918238993710691,0.7535785928454473,0.7599039615846338
36_sciq_tf,logreg,0.7989625382958082,0.7989937106918239,0.8769056209425653,0.8227290916366546
36_sciq_tf,pca,0.7800829180963083,0.780125786163522,0.8571529833252155,0.8179271708683473
36_sciq_tf,knn,0.3348684829171059,0.5006289308176101,0.7751483738870061,0.7406962785114046
36_sciq_tf,xgboost,0.7753124662173768,0.7753459119496855,0.8540650040150313,0.8287314925970388
36_sciq_tf,mlp,0.7663885669332838,0.7665408805031446,0.8464399886991807,0.8279311724689875
41_truthqa_tf,logreg,0.7169984155278273,0.7171717171717171,0.8167346938775509,0.8859895624247289
41_truthqa_tf,pca,0.6868686868686869,0.6868686868686869,0.7355102040816326,0.8249698916097953
41_truthqa_tf,knn,0.6449440642989029,0.6464646464646465,0.6985714285714286,0.79084704937776
41_truthqa_tf,xgboost,0.6850677878715262,0.6868686868686869,0.7828571428571428,0.9056603773584906
41_truthqa_tf,mlp,0.7370518914636561,0.7373737373737373,0.8391836734693877,0.9104777197912484
42_temp_sense,logreg,0.821997576467421,0.8223519599666389,0.9020673344462994,0.9710144927536232
42_temp_sense,pca,0.782972974804681,0.7831526271893244,0.8710350584307179,0.9331723027375202
42_temp_sense,knn,0.749784816380746,0.7506255212677231,0.8167570951585977,0.9150563607085346
42_temp_sense,xgboost,0.8293644230236961,0.8298582151793161,0.9208820255982192,0.960950080515298
42_temp_sense,mlp,0.8239134513023236,0.8240200166805671,0.914588202559822,0.9746376811594204
44_phys_tf,logreg,0.5350995818859813,0.5353459119496855,0.5526775398237436,0.5694277711084433
44_phys_tf,pca,0.5219765769307537,0.5220125786163522,0.5327792117577129,0.5642256902761105
44_phys_tf,knn,0.5003694963872646,0.5028930817610063,0.5082681544728866,0.5490196078431373
44_phys_tf,xgboost,0.533835238864758,0.5338364779874214,0.5551675680656663,0.5794317727090836
44_phys_tf,mlp,0.5468196117930681,0.5471698113207547,0.5714938853047828,0.5294117647058824
47_reasoning_tf,logreg,0.5707818831634753,0.5709156193895871,0.5240029510357276,0.5933360096346849
47_reasoning_tf,pca,0.5068499628474427,0.5068821065230401,0.4991132567401083,0.5062224006423123
47_reasoning_tf,knn,0.5436620392995809,0.5439856373429084,0.5439697160702519,0.599759132878362
47_reasoning_tf,xgboost,0.5265663293091547,0.5266307600239377,0.5337406526659599,0.5849056603773585
47_reasoning_tf,mlp,0.5306833869111621,0.53081986834231,0.5302452511245452,0.5909273384183059
48_cm_correct,logreg,0.6492398030048669,0.649308176100629,0.7111503950730047,0.8055222088835533
48_cm_correct,pca,0.634440977521716,0.6344654088050314,0.7048240626446145,0.7847138855542217
48_cm_correct,knn,0.5636748867132062,0.5949685534591195,0.6682238625512511,0.6792717086834734
48_cm_correct,xgboost,0.6535414905461996,0.6535849056603774,0.7231534653314958,0.7110844337735094
48_cm_correct,mlp,0.6698050348168973,0.669937106918239,0.7337426673781997,0.7555022008803521
49_cm_isshort,logreg,1.0,1.0,1.0,1.0
49_cm_isshort,pca,0.9929559694930832,0.9929559748427672,0.999676974782768,1.0
49_cm_isshort,knn,0.9117786146014872,0.9124528301886792,0.9999449388834264,1.0
49_cm_isshort,xgboost,0.9881750483970136,0.9881761006289308,0.999621787088915,0.9995998399359745
49_cm_isshort,mlp,0.9984905631718308,0.998490566037736,0.999987595426611,1.0
50_deon_isvalid,logreg,0.7451177112561372,0.7451572327044025,0.8259511776243773,0.8363345338135254
50_deon_isvalid,pca,0.7176704510018675,0.7177358490566038,0.7971799088441063,0.8463385354141657
50_deon_isvalid,knn,0.6890100202063838,0.6945911949685535,0.7833129881452783,0.7917166866746699
50_deon_isvalid,xgboost,0.7212497111688759,0.7212578616352201,0.8026726033098439,0.8527410964385755
50_deon_isvalid,mlp,0.7527032756390878,0.7527044025157232,0.8408004645892466,0.851140456182473
51_just_is,logreg,0.7320617022736625,0.7320754716981132,0.8163601640036495,0.8451380552220888
51_just_is,pca,0.6721997641482518,0.6722012578616352,0.741520334893103,0.8143257302921169
51_just_is,knn,0.6630892077652568,0.669433962264151,0.7455071394648717,0.7521008403361344
51_just_is,xgboost,0.6927590207530419,0.6928301886792453,0.767859547825453,0.8295318127250901
51_just_is,mlp,0.713953900337357,0.7139622641509434,0.7957736352690881,0.8171268507402961
52_virtue_is,logreg,0.8713783692824543,0.871484888304862,0.9364648103912524,0.9676
52_virtue_is,pca,0.8591134525440449,0.8591327201051249,0.9336685724515996,0.948
52_virtue_is,knn,0.7697565720450196,0.7697766097240473,0.8334152505894451,0.8861999999999999
52_virtue_is,xgboost,0.8759213269864773,0.8759526938239159,0.9465507171420632,0.9752
52_virtue_is,mlp,0.8784378240410304,0.878580814717477,0.9442777550306588,0.956
54_cs_tf,logreg,0.5248603649733549,0.5313207547169811,0.5549484627948871,0.6398559423769508
54_cs_tf,pca,0.5165532739271715,0.5179874213836478,0.5315147047357117,0.6894757903161264
54_cs_tf,knn,0.5635580510383188,0.5655345911949685,0.5655176656314334,0.5966386554621849
54_cs_tf,xgboost,0.5904348081944905,0.590440251572327,0.6422624827981478,0.7535014005602242
54_cs_tf,mlp,0.5772986122056091,0.5781132075471698,0.6239409279025943,0.69187675070028
56_wikidatasex_or_gender,logreg,0.9952200531821748,0.9952201257861636,0.9998962066308268,1.0
56_wikidatasex_or_gender,pca,0.9720744112762764,0.9720754716981131,0.9970429015967976,1.0
56_wikidatasex_or_gender,knn,0.5696778828927449,0.6279245283018868,0.9455872122518706,0.9763905562224888
56_wikidatasex_or_gender,xgboost,0.9587390308508652,0.9587421383647798,0.9953773977534052,0.9967987194877952
56_wikidatasex_or_gender,mlp,0.9901886531655292,0.990188679245283,0.9996293817256836,1.0
57_wikidatais_alive,logreg,0.9798733858769206,0.979874213836478,0.9958318101867368,0.9983993597438976
57_wikidatais_alive,pca,0.9771049881832992,0.9771069182389938,0.9941402314237716,0.9995998399359745
57_wikidatais_alive,knn,0.8437693633041025,0.8470440251572326,0.9861800394718588,0.9913965586234492
57_wikidatais_alive,xgboost,0.9655336750389204,0.9655345911949684,0.9933536802090854,0.9883953581432572
57_wikidatais_alive,mlp,0.9846540472589046,0.9846540880503144,0.9962388827175432,0.9931972789115648
58_wikidatapolitical_party,logreg,0.9777199653399544,0.9777215189873416,0.9980700523813624,0.9971988795518208
58_wikidatapolitical_party,pca,0.97164548238963,0.9716455696202532,0.9960908818691572,0.9951980792316928
58_wikidatapolitical_party,knn,0.8490392241511336,0.8516455696202532,0.9678661670542972,0.9879951980792318
58_wikidatapolitical_party,xgboost,0.9625293400611946,0.9625316455696202,0.9944388385037882,0.9915966386554622
58_wikidatapolitical_party,mlp,0.9736706025735168,0.9736708860759492,0.9971327664496756,0.9983993597438976
59_wikidata_occupation_isjournalist,logreg,0.9056229571209328,0.9056410256410256,0.9703605210893056,0.9608323133414932
59_wikidata_occupation_isjournalist,pca,0.893298987586145,0.8933333333333333,0.9573879893627764,0.9436964504283966
59_wikidata_occupation_isjournalist,knn,0.3977094529608496,0.5302564102564102,0.9435949439526038,0.9067727458180334
59_wikidata_occupation_isjournalist,xgboost,0.8911955252105331,0.8912820512820513,0.9411376106641532,0.9286005711954304
59_wikidata_occupation_isjournalist,mlp,0.912789138145946,0.9128205128205128,0.96686807823072,0.9530803753569972
60_wikidata_occupation_isathlete,logreg,0.9466356803242338,0.9466666666666668,0.9817088564984684,0.9906160750713996
60_wikidata_occupation_isathlete,pca,0.9157980578044272,0.915897435897436,0.9683954960110412,0.9808241534067726
60_wikidata_occupation_isathlete,knn,0.8711961274169501,0.8728205128205129,0.9252911771636314,0.9567523459812322
60_wikidata_occupation_isathlete,xgboost,0.9322456863066516,0.9323076923076924,0.9713914228969602,0.9832721338229294
60_wikidata_occupation_isathlete,mlp,0.942541134587808,0.9425641025641026,0.981027198976672,0.9844961240310076
61_wikidata_occupation_isactor,logreg,0.9137872064777328,0.913846153846154,0.95914683407951,0.9759281925744594
61_wikidata_occupation_isactor,pca,0.8870461751034999,0.8871794871794871,0.9452401790823712,0.9718482252141982
61_wikidata_occupation_isactor,knn,0.7248718489100245,0.7405128205128205,0.9347376039317332,0.948796409628723
61_wikidata_occupation_isactor,xgboost,0.8984074638962493,0.8984615384615384,0.9542027131652472,0.974704202366381
61_wikidata_occupation_isactor,mlp,0.9220404570250126,0.922051282051282,0.960165112599724,0.9775601795185638
62_wikidata_occupation_ispolitician,logreg,0.9415384615384615,0.9415384615384615,0.979348301747063,0.9538963688290494
62_wikidata_occupation_ispolitician,pca,0.9251277325626198,0.9251282051282051,0.9686269229474536,0.9518563851489188
62_wikidata_occupation_ispolitician,knn,0.6611964228453344,0.6923076923076923,0.953165499713872,0.9061607507139944
62_wikidata_occupation_ispolitician,xgboost,0.9363873704624486,0.9364102564102564,0.9783636853266906,0.9526723786209712
62_wikidata_occupation_ispolitician,mlp,0.945636908234406,0.9456410256410256,0.9844943952603764,0.9485924112607098
63_wikidata_occupation_issinger,logreg,0.9364102564102564,0.9364102564102564,0.9649745851146194,0.9869441044471644
63_wikidata_occupation_issinger,pca,0.8881867796005797,0.8882051282051282,0.9548254620123202,0.9849041207670338
63_wikidata_occupation_issinger,knn,0.7915762849896133,0.7979487179487179,0.9239762513885617,0.923500611995104
63_wikidata_occupation_issinger,xgboost,0.9282028624296668,0.9282051282051282,0.9621427609654292,0.985720114239086
63_wikidata_occupation_issinger,mlp,0.9251266298897028,0.9251282051282051,0.9569798364021946,0.9832721338229292
64_wikidata_occupation_isresearcher,logreg,0.9486490045154736,0.948663101604278,0.9865572210325956,0.9866666666666666
64_wikidata_occupation_isresearcher,pca,0.936887133779076,0.9368983957219252,0.9816202712348324,0.9822222222222222
64_wikidata_occupation_isresearcher,knn,0.3339276797999702,0.5005347593582887,0.8923548198173465,0.8644444444444445
64_wikidata_occupation_isresearcher,xgboost,0.925068893972755,0.9251336898395722,0.9756995918666154,0.9866666666666668
64_wikidata_occupation_isresearcher,mlp,0.9465185584029376,0.946524064171123,0.9837524478852104,0.9818181818181818
65_high-school,logreg,0.9954022113779492,0.9954022988505749,0.9991823488825152,1.0
65_high-school,pca,0.9857467950113916,0.9857471264367816,0.9959929176362357,1.0
65_high-school,knn,0.981603128786895,0.9816091954022989,0.9921393033984522,1.0
65_high-school,xgboost,0.9963218297501883,0.9963218390804598,0.9995518561610476,1.0
65_high-school,mlp,0.9921836502898748,0.992183908045977,0.9978226973862224,1.0
66_living-room,logreg,0.9976110736608929,0.9976110845676064,1.0,1.0
66_living-room,pca,0.9856655061069468,0.985666507405638,0.99692100346798,1.0
66_living-room,knn,0.9780115878844612,0.978021978021978,0.9961590157437896,1.0
66_living-room,xgboost,0.9880553683044646,0.9880554228380316,0.9996055378108444,1.0
66_living-room,mlp,0.9966554863287648,0.9966555183946488,0.9999479529055976,1.0
67_social-security,logreg,0.9990804593813544,0.999080459770115,0.999971251149954,1.0
67_social-security,pca,0.9944827236320538,0.9944827586206896,0.9995129606580442,1.0
67_social-security,knn,0.9908038589996998,0.9908045977011494,0.9990373363006656,1.0
67_social-security,xgboost,0.991724064454526,0.9917241379310344,0.9996736159965366,1.0
67_social-security,mlp,0.99816091954023,0.99816091954023,0.9998706301747928,1.0
68_credit-card,logreg,0.9986206879057484,0.9986206896551724,1.0,1.0
68_credit-card,pca,0.9949424517599984,0.9949425287356322,0.9997530981113696,0.999594155844156
68_credit-card,knn,0.9788435981049292,0.9788505747126436,0.9896398445532768,0.9902597402597404
68_credit-card,xgboost,0.9972413723126412,0.9972413793103448,0.999949266735213,1.0
68_credit-card,mlp,0.9963217955388254,0.9963218390804598,0.9999399656366684,0.999594155844156
69_blood-pressure,logreg,0.9990804593813544,0.999080459770115,0.9999915444558688,1.0
69_blood-pressure,pca,0.9986206879057484,0.9986206896551724,0.9999661778234752,0.9991883116883118
69_blood-pressure,knn,0.9977011397062404,0.9977011494252872,0.9977022058823528,0.9910714285714286
69_blood-pressure,xgboost,0.9967816010314028,0.9967816091954024,0.9999915444558688,1.0
69_blood-pressure,mlp,0.9967816010314028,0.9967816091954024,0.9998807768277505,0.9963474025974026
70_prime-factors,logreg,0.9990804593813544,0.999080459770115,0.9999966177823476,1.0
70_prime-factors,pca,0.9990804593813544,0.999080459770115,0.9999966177823476,1.0
70_prime-factors,knn,0.9990804593813544,0.999080459770115,0.9990808823529412,1.0
70_prime-factors,xgboost,0.997241375811493,0.9972413793103448,0.9999923900102818,1.0
70_prime-factors,mlp,0.9990804593813544,0.999080459770115,0.9999966177823476,1.0
71_social-media,logreg,0.998160914875094,0.99816091954023,0.9981837491206234,1.0
71_social-media,pca,0.9917238195247547,0.9917241379310344,0.99683762649494,1.0
71_social-media,knn,0.9908038589996998,0.9908045977011494,0.9963235294117648,1.0
71_social-media,xgboost,0.9894252873563218,0.9894252873563218,0.9996507860273824,1.0
71_social-media,mlp,0.9977011397062404,0.9977011494252872,0.9977322230640184,1.0
72_gene-expression,logreg,0.9977011397062404,0.9977011494252872,0.9999991544455868,1.0
72_gene-expression,pca,0.9967815955887364,0.9967816091954024,0.999900224579252,1.0
72_gene-expression,knn,0.9663994500086396,0.9664367816091954,0.9926948326478706,1.0
72_gene-expression,xgboost,0.9917240119704536,0.9917241379310344,0.9996719248877104,1.0
72_gene-expression,mlp,0.9972413618160269,0.9972413793103448,0.9999729422587802,1.0
73_control-group,logreg,0.9963218390804598,0.9963218390804598,0.9997649358731532,1.0
73_control-group,pca,0.9724130233378356,0.9724137931034482,0.9899226825044644,1.0
73_control-group,knn,0.9719364041901144,0.9719540229885058,0.988265395854754,1.0
73_control-group,xgboost,0.9954022930191552,0.9954022988505749,0.9990479057308296,1.0
73_control-group,mlp,0.9963218235299548,0.9963218390804598,0.9989083892526652,1.0
74_magnetic-field,logreg,0.9972413618160269,0.9972413793103448,0.999999154445587,1.0
74_magnetic-field,pca,0.961835692124922,0.96183908045977,0.9871813950971372,1.0
74_magnetic-field,knn,0.9330377849669068,0.9333333333333332,0.9781022545862872,0.997564935064935
74_magnetic-field,xgboost,0.987586059943069,0.9875862068965516,0.9997607081010876,1.0
74_magnetic-field,mlp,0.9898845442829068,0.9898850574712644,0.9997860747334812,1.0
75_cell-lines,logreg,0.9986206879057484,0.9986206896551724,0.9999974633367608,1.0
75_cell-lines,pca,0.9917236025750272,0.9917241379310344,0.999331166459224,1.0
75_cell-lines,knn,0.9746967578763328,0.9747126436781608,0.9947600993019102,1.0
75_cell-lines,xgboost,0.999080459770115,0.999080459770115,0.9999957722279345,1.0
75_cell-lines,mlp,0.9958620059854532,0.9958620689655172,0.9998097502570484,1.0
76_trial-court,logreg,0.9995402296906768,0.9995402298850574,0.9999957722279345,1.0
76_trial-court,pca,0.9889652093351342,0.9889655172413792,0.9985642486065264,1.0
76_trial-court,knn,0.99310314211423,0.993103448275862,0.9931066176470588,1.0
76_trial-court,xgboost,0.9898846683080336,0.9898850574712644,0.9992694409870664,1.0
76_trial-court,mlp,0.9986206896551724,0.9986206896551724,0.9999966177823476,1.0
77_second-derivative,logreg,0.997241375811493,0.9972413793103448,0.9999737878131932,1.0
77_second-derivative,pca,0.9944826746469694,0.9944827586206896,0.9996068171979002,1.0
77_second-derivative,knn,0.9986206879057484,0.9986206896551724,0.9986213235294116,1.0
77_second-derivative,xgboost,0.9733329274603516,0.9733333333333334,0.9983562422208994,1.0
77_second-derivative,mlp,0.996321806424234,0.9963218390804598,0.9999568767249308,1.0
78_north-america,logreg,0.9972413618160269,0.9972413793103448,0.9999813978029114,1.0
78_north-america,pca,0.9747099385997502,0.9747126436781608,0.9922699415552788,1.0
78_north-america,knn,0.969176050503896,0.9691954022988506,0.9904240962714432,1.0
78_north-america,xgboost,0.98804587087876,0.9880459770114942,0.9992187077222794,1.0
78_north-america,mlp,0.9958620637172452,0.9958620689655172,0.9997463336760648,1.0
79_human-rights,logreg,0.9954022969067716,0.9954022988505749,0.9995560839331132,1.0
79_human-rights,pca,0.9935632183908046,0.9935632183908046,0.9982065790897776,1.0
79_human-rights,knn,0.9746967578763328,0.9747126436781608,0.9968710258942584,1.0
79_human-rights,xgboost,0.9733329274603516,0.9733333333333334,0.9977550530331728,1.0
79_human-rights,mlp,0.9940229859788012,0.9940229885057472,0.9987130661832352,0.9991883116883116
80_side-effects,logreg,0.995862032227364,0.9958620689655172,0.9999611044969964,1.0
80_side-effects,pca,0.9875862068965516,0.9875862068965516,0.9973720168840304,1.0
80_side-effects,knn,0.9875862016482796,0.9875862068965516,0.987585992883814,1.0
80_side-effects,xgboost,0.9977011465095804,0.9977011494252872,0.9997683180908058,1.0
80_side-effects,mlp,0.9935631775707292,0.9935632183908046,0.999108785648574,1.0
81_public-health,logreg,0.9995402298850574,0.9995402298850574,0.9993616064180963,1.0
81_public-health,pca,0.9935632102268172,0.9935632183908046,0.999237309919368,1.0
81_public-health,knn,0.9917236025750272,0.9917241379310344,0.9917279411764706,1.0
81_public-health,xgboost,0.9958620427239792,0.9958620689655172,0.9993912008225554,1.0
81_public-health,mlp,0.9967816091954024,0.9967816091954024,0.9993227109150928,1.0
82_federal-government,logreg,0.999080459770115,0.999080459770115,0.9999966177823476,1.0
82_federal-government,pca,0.9783907771900578,0.9783908045977012,0.99862766518751,1.0
82_federal-government,knn,0.9553143391349256,0.9554022988505748,0.9912654229124952,0.9987824675324676
82_federal-government,xgboost,0.9912643641228636,0.991264367816092,0.9997209670436712,1.0
82_federal-government,mlp,0.9977011348466552,0.9977011494252872,0.9999881622382164,1.0
83_third-party,logreg,0.9967815806212832,0.9967816091954024,0.9999949266735212,0.997564935064935
83_third-party,pca,0.9894249386274776,0.9894252873563218,0.998123714757292,0.9841720779220778
83_third-party,knn,0.972853926759421,0.9728735632183908,0.9915533341901618,0.9943181818181818
83_third-party,xgboost,0.9931032208440068,0.993103448275862,0.9996059716434872,1.0
83_third-party,mlp,0.9958620059854532,0.9958620689655172,0.9998105958114616,0.994318181818182
84_clinical-trials,logreg,1.0,1.0,1.0,1.0
84_clinical-trials,pca,0.9871264041256592,0.9871264367816092,0.9978920328480978,1.0
84_clinical-trials,knn,0.9260685604458316,0.9264367816091954,0.9901006717084258,0.9979707792207791
84_clinical-trials,xgboost,0.998160914875094,0.99816091954023,0.999994081119108,1.0
84_clinical-trials,mlp,0.9977011465095804,0.9977011494252872,0.9999898533470426,1.0
85_mental-health,logreg,0.9995402298850574,0.9995402298850574,0.9993337031224632,1.0
85_mental-health,pca,0.9687273027756428,0.968735632183908,0.9956699158504247,1.0
85_mental-health,knn,0.9839039970181775,0.9839080459770116,0.9953896145624764,1.0
85_mental-health,xgboost,0.999080459770115,0.999080459770115,0.999906143460144,1.0
85_mental-health,mlp,0.9958620514712324,0.9958620689655172,0.9990259213160884,1.0
87_glue_cola,logreg,0.7711941627290648,0.7713207547169811,0.8514749797223198,0.8507402961184474
87_glue_cola,pca,0.753457041427044,0.7537106918238994,0.8154720978108208,0.8523409363745498
87_glue_cola,knn,0.500961184591706,0.5761006289308176,0.7551886558404277,0.7949179671868747
87_glue_cola,xgboost,0.757607416002274,0.7577358490566037,0.8381203172735456,0.8711484593837535
87_glue_cola,mlp,0.7584679117795493,0.7584905660377359,0.8345964058128338,0.8531412565026011
89_glue_mrpc,logreg,0.75788154016262,0.7578870139398386,0.8261526735308177,0.8249198717948717
89_glue_mrpc,pca,0.6749806083995102,0.6749816581071166,0.7487608786457728,0.8020833333333334
89_glue_mrpc,knn,0.6813919333697589,0.6823184152604549,0.7303506142855297,0.7427884615384615
89_glue_mrpc,xgboost,0.7505325314875718,0.7505502567865003,0.82356892787474,0.8569711538461539
89_glue_mrpc,mlp,0.7637297117342605,0.7637564196625092,0.8369355054021815,0.8145032051282052
90_glue_qnli,logreg,0.7204957150966453,0.720503144654088,0.7915153224328355,0.8135254101640657
90_glue_qnli,pca,0.7265396344045661,0.7265408805031447,0.8045791102933656,0.7807122849139656
90_glue_qnli,knn,0.6517038581725297,0.6646540880503145,0.7574302128827317,0.7384953981592637
90_glue_qnli,xgboost,0.7225068368279695,0.7225157232704402,0.797499136742954,0.836734693877551
90_glue_qnli,mlp,0.7076700697911232,0.7076729559748428,0.7821842985441588,0.7651060424169668
91_glue_qqp,logreg,0.7946702884933491,0.7949685534591195,0.8687469558164285,0.8415366146458584
91_glue_qqp,pca,0.7740533083142238,0.7743396226415095,0.8530637777343478,0.8575430172068828
91_glue_qqp,knn,0.6813860265511548,0.699874213836478,0.7994315920687688,0.7549019607843137
91_glue_qqp,xgboost,0.7856039307738137,0.7856603773584906,0.8587840581485897,0.8163265306122449
91_glue_qqp,mlp,0.7759793215644141,0.7761006289308177,0.8505524845094724,0.8139255702280912
92_glue_sst2,logreg,0.8890523907462876,0.8890566037735849,0.953432472034016,0.9743897559023608
92_glue_sst2,pca,0.8769802756434563,0.8769811320754717,0.9445133306127658,0.9803921568627452
92_glue_sst2,knn,0.7657221002231962,0.7713207547169811,0.8822046521706991,0.8967587034813925
92_glue_sst2,xgboost,0.850517675711685,0.850566037735849,0.926900355327739,0.9367747098839536
92_glue_sst2,mlp,0.864870083419102,0.8649056603773585,0.9417704009664428,0.9595838335334133
94_ai_gen,logreg,0.946912728901281,0.9469182389937106,0.9883283090591868,1.0
94_ai_gen,pca,0.9136932564282046,0.9137106918238994,0.9738192618215584,0.9895958383353342
94_ai_gen,knn,0.6231605317129066,0.6573584905660378,0.8390931902436258,0.882953181272509
94_ai_gen,xgboost,0.8739616898221597,0.8739622641509434,0.9486344336780624,0.9715886354541816
94_ai_gen,mlp,0.9390781953171028,0.939119496855346,0.9846054181151328,0.9971988795518208
95_toxic_is,logreg,0.898989898989899,0.898989898989899,0.9571428571428572,0.953125
95_toxic_is,pca,0.8382848088730442,0.8383838383838383,0.9183673469387756,0.914463141025641
95_toxic_is,knn,0.4971250391183202,0.5858585858585859,0.7673469387755102,0.8499599358974359
95_toxic_is,xgboost,0.8382848088730442,0.8383838383838383,0.9416326530612246,0.9439102564102564
95_toxic_is,mlp,0.8686600618824769,0.8686868686868687,0.946122448979592,0.9511217948717948
96_spam_is,logreg,0.9936030625217848,0.9936034115138592,0.99894526277505,1.0
96_spam_is,pca,0.9936030625217848,0.9936034115138592,0.9967812329514456,1.0
96_spam_is,knn,0.9765426428325414,0.976545842217484,0.9944808146935806,0.9992
96_spam_is,xgboost,0.9872056596731996,0.9872068230277186,0.9986361156573922,0.9972
96_spam_is,mlp,0.9936030625217848,0.9936034115138592,0.9987088561556646,1.0
100_news_fake,logreg,0.9980906869038704,0.9980906921241052,0.9999480522321136,1.0
100_news_fake,pca,0.9942720763723152,0.9942720763723152,0.9997110975014036,1.0
100_news_fake,knn,0.9980906834236818,0.9980906921241052,0.9980897803247372,1.0
100_news_fake,xgboost,0.9957040514064788,0.9957040572792364,0.9998286635024096,1.0
100_news_fake,mlp,0.9995226730310264,0.9995226730310264,1.0,1.0
105_click_bait,logreg,0.99481528181403,0.9948152948801036,0.9997345483626002,0.9991732120711038
105_click_bait,pca,0.9915747834053952,0.9915748541801686,0.9998235922662848,0.9995866060355518
105_click_bait,knn,0.3344118034205304,0.5003240440699935,0.9696024273704158,0.9656883009508062
105_click_bait,xgboost,0.9773168007719734,0.9773169151004536,0.9987449849801416,0.9991732120711038
105_click_bait,mlp,0.9935191022675376,0.9935191186001296,0.99963206386968,0.9991732120711038
106_hate_hate,logreg,0.6206615505602888,0.620880503144654,0.6646550161563239,0.6310524209683874
106_hate_hate,pca,0.6134213307444665,0.6150943396226415,0.6657096580489479,0.6246498599439775
106_hate_hate,knn,0.5796535010893457,0.5947169811320755,0.6317937823215083,0.5798319327731092
106_hate_hate,xgboost,0.6153367043162516,0.6155974842767296,0.6704287121825062,0.5866346538615447
106_hate_hate,mlp,0.6291752084323162,0.629182389937107,0.6810475333126085,0.6270508203281312
107_hate_offensive,logreg,0.7848107679933952,0.7851572327044025,0.8554915299547664,0.8895558223289316
107_hate_offensive,pca,0.7824882946596804,0.7826415094339623,0.8609082780528161,0.8731492597038816
107_hate_offensive,knn,0.7153414770551542,0.7159748427672956,0.7809192852130395,0.8187274909963986
107_hate_offensive,xgboost,0.7788580995145009,0.7788679245283019,0.8551867318657794,0.8755502200880353
107_hate_offensive,mlp,0.7869120084307312,0.7869182389937107,0.872962485532217,0.8595438175270108
110_aimade_humangpt3,logreg,0.9026150685114552,0.9026415094339624,0.971011271453583,0.995998399359744
110_aimade_humangpt3,pca,0.8691595682171088,0.869182389937107,0.948246854048296,0.9975990396158464
110_aimade_humangpt3,knn,0.7041106427636358,0.7142138364779874,0.8132594003882379,0.8517406962785113
110_aimade_humangpt3,xgboost,0.8746461347733473,0.8747169811320755,0.9557257991836272,0.9811924769907964
110_aimade_humangpt3,mlp,0.8981055335371749,0.8981132075471698,0.9664058837169976,0.9907963185274108
113_movie_sent,logreg,0.8822613193690224,0.8822641509433963,0.9437763976916352,0.9715886354541816
113_movie_sent,pca,0.8578543303141966,0.8578616352201258,0.927297301676187,0.9655862344937975
113_movie_sent,knn,0.7652658437772575,0.7655345911949686,0.8435318757031368,0.8751500600240096
113_movie_sent,xgboost,0.8586159763850088,0.8586163522012579,0.9318224394175824,0.943577430972389
113_movie_sent,mlp,0.8699273107128875,0.869937106918239,0.9325558281748874,0.9471788715486196
114_nyc_borough_Manhattan,logreg,0.709730765306077,0.7097435897435898,0.7738411822129464,0.7890656874745001
114_nyc_borough_Manhattan,pca,0.6319219320952383,0.6338461538461538,0.6865259029858283,0.7637698898408812
114_nyc_borough_Manhattan,knn,0.6217762857003843,0.6225641025641026,0.6663770323492779,0.7425540595675235
114_nyc_borough_Manhattan,xgboost,0.6993271406222327,0.6994871794871795,0.7762311913017135,0.7580579355365157
114_nyc_borough_Manhattan,mlp,0.696288854249842,0.6964102564102564,0.7632628673376645,0.7662178702570379
115_nyc_borough_Brooklyn,logreg,0.6192268146325048,0.6194871794871795,0.6607070724071767,0.7731538147694819
115_nyc_borough_Brooklyn,pca,0.5835582021372053,0.5835897435897436,0.6288837647692462,0.7070583435332518
115_nyc_borough_Brooklyn,knn,0.5637500980398539,0.5825641025641025,0.6054360083482008,0.6835985312117503
115_nyc_borough_Brooklyn,xgboost,0.5903141473264926,0.5907692307692308,0.6473474265324671,0.711546307629539
115_nyc_borough_Brooklyn,mlp,0.6201411910976558,0.6205128205128205,0.6777001211835594,0.7568339453284373
116_nyc_borough_Bronx,logreg,0.6583752885620054,0.6584615384615384,0.7216838623893358,0.7600979192166463
116_nyc_borough_Bronx,pca,0.6058627827111114,0.6061538461538462,0.6481027198976672,0.6870665034679723
116_nyc_borough_Bronx,knn,0.5747157667728356,0.5784615384615385,0.616735954488841,0.653610771113831
116_nyc_borough_Bronx,xgboost,0.5944265868449309,0.5969230769230769,0.6592490827077793,0.7013463892288861
116_nyc_borough_Bronx,mlp,0.6420173898500087,0.642051282051282,0.7061866731746725,0.69359445124439
117_us_state_FL,logreg,0.8585569985569984,0.8585858585858586,0.9583673469387756,0.983573717948718
117_us_state_FL,pca,0.8785398998164956,0.8787878787878788,0.963265306122449,0.985176282051282
117_us_state_FL,knn,0.6474747474747474,0.6767676767676768,0.9055102040816326,0.9481169871794872
117_us_state_FL,xgboost,0.9090909090909092,0.9090909090909092,0.960408163265306,0.9867788461538464
117_us_state_FL,mlp,0.9292784948597952,0.9292929292929292,0.976734693877551,0.9791666666666669
118_us_state_CA,logreg,0.9292496259935272,0.9292929292929292,0.986530612244898,0.999198717948718
118_us_state_CA,pca,0.8787631416202846,0.8787878787878788,0.9653061224489796,0.9987980769230768
118_us_state_CA,knn,0.8250290515777242,0.8282828282828283,0.9440816326530612,0.9911858974358974
118_us_state_CA,xgboost,0.8787878787878788,0.8787878787878788,0.9636734693877552,0.9971955128205128
118_us_state_CA,mlp,0.9292784948597952,0.9292929292929292,0.9853061224489796,0.999198717948718
119_us_state_TX,logreg,0.9494949494949496,0.9494949494949496,0.9930612244897958,0.9771634615384616
119_us_state_TX,pca,0.9493397880494654,0.9494949494949496,0.9877551020408164,0.985576923076923
119_us_state_TX,knn,0.8018839870691722,0.8080808080808081,0.8981632653061224,0.9397035256410255
119_us_state_TX,xgboost,0.9088116184890378,0.9090909090909092,0.9791836734693876,0.966346153846154
119_us_state_TX,mlp,0.9595959595959596,0.9595959595959596,0.9963265306122449,0.9791666666666666
120_us_timezone_Chicago,logreg,0.8781889649971134,0.8781967923710446,0.9502747711117556,0.972
120_us_timezone_Chicago,pca,0.862591956060689,0.8625921109666234,0.9396833819092985,0.9792
120_us_timezone_Chicago,knn,0.768933545225178,0.7689640225400953,0.8518956651399935,0.886
120_us_timezone_Chicago,xgboost,0.8292044561829947,0.8292154312960555,0.9195475295401492,0.9356
120_us_timezone_Chicago,mlp,0.8764511928250601,0.8764629388816645,0.9477078106845076,0.9736
121_us_timezone_New_York,logreg,0.895933477434404,0.8959687906371911,0.9601221138135616,0.9656
121_us_timezone_New_York,pca,0.8712539762013161,0.871261378413524,0.9450360073412588,0.9656
121_us_timezone_New_York,knn,0.7537927119880179,0.7537928045080191,0.8458407049051454,0.8872
121_us_timezone_New_York,xgboost,0.852622121112043,0.8526224534026875,0.9326983635486358,0.9588
121_us_timezone_New_York,mlp,0.8738086680626181,0.8738621586475943,0.9457680288479606,0.956
122_us_timezone_Los_Angeles,logreg,0.904972428819622,0.9050715214564368,0.9701374306496052,0.956
122_us_timezone_Los_Angeles,pca,0.8997654386179574,0.8998699609882965,0.9692197732988016,0.958
122_us_timezone_Los_Angeles,knn,0.7810301492736333,0.7811009969657564,0.8808492201039861,0.877
122_us_timezone_Los_Angeles,xgboost,0.8889822721693283,0.8890333766796705,0.9507095497992576,0.9516
122_us_timezone_Los_Angeles,mlp,0.9137382604983304,0.9137407889033377,0.9696654496370708,0.958
123_world_country_United_Kingdom,logreg,0.9928204675060046,0.9928205128205128,0.9992973036658028,0.9987760097919216
123_world_country_United_Kingdom,pca,0.9815384615384616,0.9815384615384616,0.9982159087083852,0.9987760097919216
123_world_country_United_Kingdom,knn,0.9702376258001916,0.9702564102564104,0.9960762614871916,1.0
123_world_country_United_Kingdom,xgboost,0.9733332772298336,0.9733333333333334,0.9958090685696974,0.993472052223582
123_world_country_United_Kingdom,mlp,0.9917947682183084,0.9917948717948718,0.9989564749049046,0.9995920032639738
124_world_country_United_States,logreg,0.9907686869608092,0.9907692307692308,0.9984809977446392,1.0
124_world_country_United_States,pca,0.9815383450148276,0.9815384615384616,0.9971681758508096,1.0
124_world_country_United_States,knn,0.8423981603938148,0.8461538461538461,0.99755528999899,1.0
124_world_country_United_States,xgboost,0.9753766894429566,0.9753846153846154,0.9986998013936108,1.0
124_world_country_United_States,mlp,0.989743136577056,0.9897435897435898,0.9989817214797858,0.9991840065279476
125_world_country_Italy,logreg,0.9897433739554504,0.9897435897435898,0.999604470326859,1.0
125_world_country_Italy,pca,0.9856408443820396,0.9856410256410256,0.9990827077793112,1.0
125_world_country_Italy,knn,0.980510565348839,0.9805128205128204,0.9982180125896254,1.0
125_world_country_Italy,xgboost,0.9897434602728854,0.9897435897435898,0.9985525297068032,0.9995920032639738
125_world_country_Italy,mlp,0.9897433739554504,0.9897435897435898,0.999697041101424,1.0
126_art_type_book,logreg,0.8118761894680715,0.811876896402254,0.8921316706775033,0.928
126_art_type_book,pca,0.7841128498136942,0.7841352405721717,0.8625967824122438,0.92
126_art_type_book,knn,0.3729990678994453,0.517988729952319,0.8197137750815069,0.8526
126_art_type_book,xgboost,0.7802183781085476,0.7802340702210663,0.8734741410020728,0.9092
126_art_type_book,mlp,0.8032008992159412,0.8032076289553532,0.8885076381258445,0.8744
127_art_type_song,logreg,0.8240059346233806,0.824013870827915,0.9068829562245126,0.9184
127_art_type_song,pca,0.8205459615427919,0.8205461638491548,0.8992899241072568,0.924
127_art_type_song,knn,0.396947212034553,0.52925877763329,0.8531984980782557,0.9188
127_art_type_song,xgboost,0.8031556281446436,0.8032076289553532,0.8907273768527884,0.8924
127_art_type_song,mlp,0.8231465453344518,0.823146944083225,0.9028500738785566,0.908
128_art_type_movie,logreg,0.7676611877880251,0.7676636324230602,0.8520065205529693,0.8668
128_art_type_movie,pca,0.7468572954243001,0.7468573905504985,0.8332024362637743,0.8828
128_art_type_movie,knn,0.5388420392229233,0.5864759427828349,0.6919294253105079,0.8262
128_art_type_movie,xgboost,0.745118269166223,0.7451235370611183,0.8270959940235781,0.8912
128_art_type_movie,mlp,0.7454785726854031,0.7455570004334634,0.8395050362177786,0.8728
129_arith_mc_A,logreg,0.8101205875137095,0.8102345415778252,0.8696308419712675,0.8348
129_arith_mc_A,pca,0.7036220386281549,0.7036247334754797,0.757555919258047,0.7176000000000001
129_arith_mc_A,knn,0.7099659402431256,0.7100213219616205,0.7099927259501727,0.74
129_arith_mc_A,xgboost,0.7717803100546405,0.7718550106609808,0.8742316784869977,0.8535999999999999
129_arith_mc_A,mlp,0.7803538374319797,0.7803837953091685,0.8484633569739953,0.8323999999999999
130_temp_cat_Frequency,logreg,1.0,1.0,1.0,1.0
130_temp_cat_Frequency,pca,0.9696598070639972,0.9696969696969696,0.9987755102040816,1.0
130_temp_cat_Frequency,knn,0.959513299938832,0.9595959595959596,1.0,1.0
130_temp_cat_Frequency,xgboost,1.0,1.0,1.0,1.0
130_temp_cat_Frequency,mlp,1.0,1.0,1.0,1.0
131_temp_cat_Typical Time,logreg,1.0,1.0,1.0,1.0
131_temp_cat_Typical Time,pca,1.0,1.0,1.0,1.0
131_temp_cat_Typical Time,knn,1.0,1.0,1.0,1.0
131_temp_cat_Typical Time,xgboost,1.0,1.0,1.0,1.0
131_temp_cat_Typical Time,mlp,1.0,1.0,1.0,1.0
132_temp_cat_Event Ordering,logreg,1.0,1.0,1.0,1.0
132_temp_cat_Event Ordering,pca,0.9898969278371136,0.98989898989899,1.0,1.0
132_temp_cat_Event Ordering,knn,0.9696784111400832,0.9696969696969696,0.97,1.0
132_temp_cat_Event Ordering,xgboost,1.0,1.0,1.0,1.0
132_temp_cat_Event Ordering,mlp,1.0,1.0,1.0,1.0
133_context_type_Causality,logreg,0.9510821193012972,0.9511111111111112,0.984750316055626,0.989448051948052
133_context_type_Causality,pca,0.9555555555555556,0.9555555555555556,0.980641592920354,0.989853896103896
133_context_type_Causality,knn,0.9012346073317008,0.9022222222222224,0.9873182680151706,0.9902597402597404
133_context_type_Causality,xgboost,0.9644402297033876,0.9644444444444444,0.976374841972187,0.9784902597402598
133_context_type_Causality,mlp,0.9688876597108358,0.9688888888888888,0.9897281921618204,0.9870129870129872
134_context_type_Belief_states,logreg,0.9421879591742606,0.9422222222222222,0.9747945638432364,0.9508928571428572
134_context_type_Belief_states,pca,0.924426529317359,0.9244444444444444,0.9666561314791404,0.9488636363636364
134_context_type_Belief_states,knn,0.8573380547187428,0.8577777777777778,0.9492730720606828,0.931818181818182
134_context_type_Belief_states,xgboost,0.9155455465342666,0.9155555555555556,0.9710809102402022,0.9346590909090908
134_context_type_Belief_states,mlp,0.9510995189700558,0.9511111111111112,0.9811156763590392,0.9508928571428572
135_context_type_Event_duration,logreg,0.9911111111111112,0.9911111111111112,0.9994469026548672,1.0
135_context_type_Event_duration,pca,0.9777768997934542,0.9777777777777776,0.9987357774968392,1.0
135_context_type_Event_duration,knn,0.9286690273593716,0.9288888888888888,0.9875158027812896,1.0
135_context_type_Event_duration,xgboost,0.986665086294884,0.9866666666666668,0.9984987357774968,1.0
135_context_type_Event_duration,mlp,0.9911111111111112,0.9911111111111112,0.9996839443742098,1.0
136_glue_mnli_entailment,logreg,0.7490246131004087,0.7490247074122237,0.8215588600906985,0.9132
136_glue_mnli_entailment,pca,0.7134768347672408,0.7134807108799306,0.7876867068201256,0.8728
136_glue_mnli_entailment,knn,0.652732275459166,0.6657997399219766,0.7580631342244857,0.8697999999999999
136_glue_mnli_entailment,xgboost,0.7158594025435957,0.7160814911140009,0.7908759606842823,0.8775999999999999
136_glue_mnli_entailment,mlp,0.7151310660442787,0.7152145643693107,0.7954390701072178,0.8655999999999999
137_glue_mnli_neutral,logreg,0.6913165445276492,0.6913740788903338,0.7657816772160937,0.808
137_glue_mnli_neutral,pca,0.6752096112159284,0.6753359341135674,0.7563097397941622,0.7879999999999999
137_glue_mnli_neutral,knn,0.5441330266452371,0.5947117468573906,0.717693350629283,0.7406
137_glue_mnli_neutral,xgboost,0.6722516866308644,0.6723016905071522,0.7428740637414868,0.7884
137_glue_mnli_neutral,mlp,0.6530806930121857,0.6536627654963155,0.7256234583581975,0.7719999999999999
138_glue_mnli_contradiction,logreg,0.6862239556613711,0.6866059817945384,0.7565908240277416,0.7755999999999998
138_glue_mnli_contradiction,pca,0.6582979644069153,0.6584308625921109,0.7271588997731786,0.776
138_glue_mnli_contradiction,knn,0.6322361082222373,0.6332899869960988,0.6909708078240623,0.8074
138_glue_mnli_contradiction,xgboost,0.6415954844205995,0.6419592544429996,0.7132294474064342,0.7672
138_glue_mnli_contradiction,mlp,0.6715787004610977,0.6718682271348071,0.731572072552801,0.7687999999999999
139_news_class_Politics,logreg,0.8935557993890202,0.8935593220338983,0.9579449390151976,0.9738325281803544
139_news_class_Politics,pca,0.8955817017092513,0.895593220338983,0.958709777057065,0.965780998389694
139_news_class_Politics,knn,0.8227717295236502,0.8250847457627118,0.926935904365828,0.9390096618357489
139_news_class_Politics,xgboost,0.8847113189168128,0.8847457627118644,0.954006758520774,0.9444444444444444
139_news_class_Politics,mlp,0.9132081318682552,0.9132203389830508,0.9694984059745618,0.9581320450885668
140_news_class_Technology,logreg,0.8949132255639854,0.8949152542372881,0.9586509433615368,0.9202898550724636
140_news_class_Technology,pca,0.8711846644292165,0.8711864406779661,0.9422620820509426,0.9134460547504026
140_news_class_Technology,knn,0.6542037931542992,0.679322033898305,0.8854489562534702,0.8719806763285025
140_news_class_Technology,xgboost,0.8480266248938118,0.8481355932203389,0.9306626512669468,0.8977455716586151
140_news_class_Technology,mlp,0.8698287135284714,0.8698305084745763,0.9454538100333516,0.9110305958132046
141_news_class_Entertainment,logreg,0.879296402402147,0.8793220338983051,0.9531205759818792,0.9834943639291466
141_news_class_Entertainment,pca,0.8664362578320828,0.8664406779661017,0.940828010722441,0.9690016103059582
141_news_class_Entertainment,knn,0.7950303303367994,0.7966101694915254,0.8877710486738517,0.9528985507246376
141_news_class_Entertainment,xgboost,0.8562674868165051,0.856271186440678,0.9312068629505832,0.9605475040257648
141_news_class_Entertainment,mlp,0.8779377125329921,0.8779661016949153,0.9479395336694209,0.9673913043478262
142_cancer_cat_Thyroid_Cancer,logreg,0.9883362095238888,0.9883381924198252,0.999626002991976,0.9975990396158464
142_cancer_cat_Thyroid_Cancer,pca,0.9825072886297376,0.9825072886297376,0.9915680674554604,0.9739895958383352
142_cancer_cat_Thyroid_Cancer,knn,0.8977227547378359,0.8979591836734694,0.9686692506459949,0.9935974389755904
142_cancer_cat_Thyroid_Cancer,xgboost,0.97667638483965,0.97667638483965,0.9955120359037128,0.9955982392957182
142_cancer_cat_Thyroid_Cancer,mlp,0.9825072886297376,0.9825072886297376,0.9983680130558956,1.0
143_cancer_cat_Lung_Cancer,logreg,0.9854227405247812,0.9854227405247812,0.9993200054399564,1.0
143_cancer_cat_Lung_Cancer,pca,0.970835068721366,0.9708454810495628,0.992282061743506,1.0
143_cancer_cat_Lung_Cancer,knn,0.6381070824219512,0.6763848396501457,0.9608153134774922,0.9941976790716288
143_cancer_cat_Lung_Cancer,xgboost,0.967930029154519,0.967930029154519,0.9985720114239086,1.0
143_cancer_cat_Lung_Cancer,mlp,0.9854219970715375,0.9854227405247812,0.9983000135998912,1.0
144_cancer_cat_Colon_Cancer,logreg,0.9970844985414068,0.9970845481049564,1.0,0.986794717887155
144_cancer_cat_Colon_Cancer,pca,0.9299863035656754,0.9300291545189504,0.9812321501427989,0.9647859143657465
144_cancer_cat_Colon_Cancer,knn,0.9825063964479268,0.9825072886297376,0.9824901400788794,1.0
144_cancer_cat_Colon_Cancer,xgboost,0.9883381924198252,0.9883381924198252,0.9998640010879912,0.9991996798719488
144_cancer_cat_Colon_Cancer,mlp,0.9970844985414068,0.9970845481049564,1.0,0.9975990396158464
145_disease_class_digestive system diseases,logreg,0.6956646033758421,0.696969696969697,0.7710204081632653,0.6183838383838384
145_disease_class_digestive system diseases,pca,0.4800692212299263,0.4848484848484848,0.443265306122449,0.5737373737373738
145_disease_class_digestive system diseases,knn,0.5616269904487614,0.5656565656565656,0.5646938775510204,0.5888888888888888
145_disease_class_digestive system diseases,xgboost,0.683963644277014,0.6868686868686869,0.7697959183673468,0.7002020202020202
145_disease_class_digestive system diseases,mlp,0.6145084976094,0.6161616161616161,0.6987755102040817,0.6202020202020202
146_disease_class_cardiovascular diseases,logreg,0.8282828282828283,0.8282828282828283,0.8991836734693877,0.8375757575757575
146_disease_class_cardiovascular diseases,pca,0.6864846729946372,0.6868686868686869,0.7771428571428571,0.7668686868686869
146_disease_class_cardiovascular diseases,knn,0.5647687916466659,0.5656565656565656,0.6216326530612246,0.6505050505050505
146_disease_class_cardiovascular diseases,xgboost,0.7676767676767676,0.7676767676767676,0.876734693877551,0.8298989898989899
146_disease_class_cardiovascular diseases,mlp,0.7878787878787878,0.7878787878787878,0.8608163265306122,0.8395959595959597
147_disease_class_nervous system diseases,logreg,0.7876186494479801,0.7878787878787878,0.8342857142857143,0.8626262626262625
147_disease_class_nervous system diseases,pca,0.6960397758270098,0.696969696969697,0.7314285714285713,0.743030303030303
147_disease_class_nervous system diseases,knn,0.5840773324644293,0.5858585858585859,0.6073469387755102,0.6129292929292929
147_disease_class_nervous system diseases,xgboost,0.7264348554671135,0.7272727272727273,0.8200000000000001,0.8165656565656566
147_disease_class_nervous system diseases,mlp,0.6850677878715262,0.6868686868686869,0.7877551020408163,0.8274747474747475
148_twt_emotion_worry,logreg,0.6073663105370165,0.607457627118644,0.6441149757494862,0.648953301127214
148_twt_emotion_worry,pca,0.5898135400397215,0.5898305084745763,0.6226995105771953,0.6553945249597424
148_twt_emotion_worry,knn,0.5611737185537817,0.5674576271186441,0.581229109441705,0.6070853462157809
148_twt_emotion_worry,xgboost,0.5872737713546206,0.5877966101694915,0.6186684831570161,0.6139291465378423
148_twt_emotion_worry,mlp,0.5803250944063919,0.5803389830508474,0.618031424547624,0.6280193236714976
149_twt_emotion_happiness,logreg,0.6827036973119076,0.6827118644067797,0.732961210209117,0.8458132045088566
149_twt_emotion_happiness,pca,0.672514977232895,0.672542372881356,0.7476806654090965,0.7773752012882448
149_twt_emotion_happiness,knn,0.6140000744305724,0.6257627118644068,0.6948939706493401,0.7783816425120773
149_twt_emotion_happiness,xgboost,0.6961731506600619,0.696271186440678,0.7498556735906572,0.8043478260869565
149_twt_emotion_happiness,mlp,0.6786210236507283,0.6786440677966101,0.7503704684265297,0.7950885668276972
150_twt_emotion_sadness,logreg,0.6185875562724255,0.6189830508474576,0.686223354770861,0.7588566827697263
150_twt_emotion_sadness,pca,0.6331744782266474,0.6332203389830509,0.682722749886929,0.7801932367149759
150_twt_emotion_sadness,knn,0.5879888287689792,0.5945762711864406,0.6442114997812121,0.7079307568438002
150_twt_emotion_sadness,xgboost,0.6193741039963561,0.6196610169491525,0.6726033542560662,0.7572463768115942
150_twt_emotion_sadness,mlp,0.6357554097650596,0.6359322033898305,0.6778027820983773,0.7552334943639292
151_it_tick_HR Support,logreg,0.7565899980912388,0.7568238213399504,0.8171272351115708,0.863545418167267
151_it_tick_HR Support,pca,0.7390684645642775,0.739454094292804,0.8054036746958277,0.870748299319728
151_it_tick_HR Support,knn,0.6475211474424692,0.6476426799007444,0.6897689768976899,0.7384953981592637
151_it_tick_HR Support,xgboost,0.7167553098713724,0.71712158808933,0.7916112506773065,0.855142056822729
151_it_tick_HR Support,mlp,0.7369046636552538,0.7369727047146402,0.8074971676272106,0.8435374149659863
152_it_tick_Hardware,logreg,0.704277593172848,0.7047146401985112,0.7863405743559431,0.8931572629051621
152_it_tick_Hardware,pca,0.6401940802498547,0.6401985111662531,0.7439781291561991,0.8451380552220887
152_it_tick_Hardware,knn,0.6393545792503914,0.6401985111662531,0.701012265405645,0.8133253301320528
152_it_tick_Hardware,xgboost,0.6429801706398345,0.6451612903225806,0.7337569577853308,0.8535414165666266
152_it_tick_Hardware,mlp,0.7068168996914205,0.707196029776675,0.7756514457415892,0.8827531012404962
153_it_tick_Administrative rights,logreg,0.8211946338574267,0.8213399503722084,0.9117531156100684,0.9047619047619048
153_it_tick_Administrative rights,pca,0.8087493125198274,0.8089330024813896,0.8972956997192256,0.8567426970788314
153_it_tick_Administrative rights,knn,0.741199376698862,0.7419354838709677,0.8261908280380277,0.7647058823529411
153_it_tick_Administrative rights,xgboost,0.8188362517734334,0.8188585607940446,0.9154967735579528,0.8547418967587035
153_it_tick_Administrative rights,mlp,0.8311719567146651,0.8312655086848635,0.916334170730506,0.8903561424569828
154_athlete_sport_football,logreg,0.9450763845709632,0.9451137884872824,0.987405198491778,0.9987878787878788
154_athlete_sport_football,pca,0.920925288019054,0.9210174029451138,0.9827027569497212,0.9983838383838384
154_athlete_sport_football,knn,0.8946438377168634,0.8955823293172691,0.9690040286160772,0.9973737373737374
154_athlete_sport_football,xgboost,0.9410343184535156,0.9410977242302544,0.985347880317128,0.9987878787878788
154_athlete_sport_football,mlp,0.9410689975950084,0.9410977242302544,0.9904302447276742,0.9991919191919192
155_athlete_sport_basketball,logreg,0.9772420578392756,0.9772423025435074,0.9953907470860632,0.991111111111111
155_athlete_sport_basketball,pca,0.9665261993048662,0.9665327978580992,0.9928388123467764,0.993939393939394
155_athlete_sport_basketball,knn,0.936962371721176,0.9370816599732262,0.9796275322217602,0.991919191919192
155_athlete_sport_basketball,xgboost,0.969209070437615,0.9692101740294512,0.994559217788992,0.9898989898989898
155_athlete_sport_basketball,mlp,0.978580530005326,0.9785809906291834,0.9953405685939988,0.9866666666666668
156_athlete_sport_baseball,logreg,0.9692085185823612,0.9692101740294512,0.9950825077776664,0.9991919191919192
156_athlete_sport_baseball,pca,0.9531433978427236,0.9531459170013388,0.9947599317572507,0.9963636363636365
156_athlete_sport_baseball,knn,0.8916464919607927,0.892904953145917,0.9923441957821394,0.9911111111111112
156_athlete_sport_baseball,xgboost,0.9625167336010708,0.9625167336010708,0.993104041519118,0.9947474747474748
156_athlete_sport_baseball,mlp,0.9732187510019044,0.9732262382864793,0.9981290590815902,0.993939393939394
157_amazon_5star,logreg,0.8266228941951319,0.8266666666666667,0.9199431110512674,0.8690330477356181
157_amazon_5star,pca,0.8116060943887031,0.8123076923076923,0.8963586023496146,0.9147286821705426
157_amazon_5star,knn,0.7785180244656922,0.7794871794871795,0.8798725889520989,0.8694410444716443
157_amazon_5star,xgboost,0.7073043413578676,0.7076923076923077,0.793769145319285,0.8567931456548348
157_amazon_5star,mlp,0.8082010930051291,0.8082051282051282,0.8955002188036489,0.8751529987760098
158_code_C,logreg,0.9956302521008404,0.9956302521008404,0.9998820422153284,1.0
158_code_C,pca,0.9828571312356824,0.9828571428571428,0.9982563941254312,1.0
158_code_C,knn,0.97848688451246,0.9784873949579832,0.9965322219088733,0.9963869931754316
158_code_C,xgboost,0.9872266280912056,0.9872268907563024,0.9991982486206624,1.0
158_code_C,mlp,0.9949579661028324,0.9949579831932772,0.9998074712020304,1.0
159_code_Python,logreg,0.988907397587684,0.98890756302521,0.9996610408486452,1.0
159_code_Python,pca,0.9626885191585736,0.962689075630252,0.9917641965131498,1.0
159_code_Python,knn,0.9220498755565506,0.9223529411764706,0.9859386185651996,1.0
159_code_Python,xgboost,0.9650378453303592,0.9650420168067226,0.9954398695504408,0.99959855479727
159_code_Python,mlp,0.9835294080428,0.983529411764706,0.9987395239024954,1.0
160_code_HTML,logreg,0.9892433669023576,0.9892436974789915,0.9990802908359908,0.9991971095945404
160_code_HTML,pca,0.986218010897847,0.986218487394958,0.9983666688360052,0.9983942191890808
160_code_HTML,knn,0.9640325080838792,0.9640336134453782,0.994277239661294,0.9925732637494982
160_code_HTML,xgboost,0.9825209689054932,0.9825210084033612,0.9976724804940308,0.9919710959454036
160_code_HTML,mlp,0.9868904867243624,0.986890756302521,0.9981077040443702,0.9887595343235648
161_agnews_0,logreg,1.0,1.0,1.0,1.0
161_agnews_0,pca,0.9952941016959967,0.9952941176470588,0.9998919850171016,1.0
161_agnews_0,knn,0.997647047657772,0.9976470588235294,0.9976478494623656,1.0
161_agnews_0,xgboost,0.9973109207237972,0.997310924369748,0.9999570651741616,1.0
161_agnews_0,mlp,1.0,1.0,1.0,1.0
162_agnews_1,logreg,1.0,1.0,1.0,1.0
162_agnews_1,pca,0.988571258121087,0.9885714285714284,0.9994129227498536,1.0
162_agnews_1,knn,0.9929408414840898,0.9929411764705882,0.9929435483870968,1.0
162_agnews_1,xgboost,0.997983190542848,0.9979831932773108,0.9999539015554156,1.0
162_agnews_1,mlp,1.0,1.0,1.0,1.0
163_agnews_2,logreg,1.0,1.0,1.0,1.0
163_agnews_2,pca,0.9979831928215676,0.9979831932773108,0.999993672762508,1.0
163_agnews_2,knn,0.991932269938516,0.9919327731092435,0.9919354838709676,1.0
163_agnews_2,xgboost,0.99731092376209,0.997310924369748,0.9999200056402804,1.0
163_agnews_2,mlp,0.9996638655462184,0.9996638655462184,0.9999995480544648,1.0
